avg_accX,min_accX,max_accX,var_accX,std_accX,avg_accY,min_accY,max_accY,var_accY,std_accY,avg_accZ,min_accZ,max_accZ,var_accZ,std_accZ,avg_magnitude,min_magnitude,max_magnitude,var_magnitude,std_magnitude,var_pressure,range_pressure,std_pressure,slope_pressure,kurtosis_pressure,skew_pressure,Participant
0.018213584,0.033692806,0.018509264,0.018077789,0.021286963,0.012538603,0.01347334,0.014211669,0.012338868,0.014383267,0.014147748,0.015866047,0.011320523,0.017678402,0.019784235,0.017351193,0.03724702,0.048036392,0.08549463,0.077399863,0.041599854,0.025440883,0.047854809,0.313382664,0.035465504,0.015204081,1
0.015472253521520204,0.02714760520791561,0.017190255393520454,0.02293305799736072,0.023635286701584223,0.012895903099461621,0.013767193371791282,0.015885996267221907,0.012983496803582927,0.012798009461908054,0.01287363514195411,0.015667858356758622,0.011201679448161368,0.01663512285255521,0.018932747037948786,0.014456466042115562,0.037369337458152935,0.04668266202627208,0.08647238816842358,0.0836760013402122,0.04374807257516502,0.025618675684736535,0.04247832303470952,0.31508579706580697,0.037782395729453716,0.01660978021170682,2
0.015859274526969596,0.02657687380447537,0.01713201689222744,0.024227806470999418,0.024645801101468207,0.012126834554375953,0.013170528095605353,0.015320671157267833,0.014243279895017478,0.014516004744395964,0.013487893909236763,0.01605901042212594,0.011634473267324091,0.019328418626082974,0.02107974843533421,0.01691664092013579,0.03480042349357979,0.04710167401416041,0.08501143883133078,0.08303358941345045,0.04378452364494705,0.025690393893533572,0.04095153566280262,0.3099334236780292,0.036291119342806835,0.017076601202316983,3
0.016725838544556698,0.0264029156715386,0.016005269639510305,0.02271774858069343,0.024397376668349856,0.012997956882721838,0.012697171027343666,0.016012895171957812,0.01413857967233912,0.013474948690530163,0.012613378503118082,0.014857693589506027,0.010631679527918962,0.017333073684788123,0.019579194248014038,0.019199505008108294,0.038584757318051374,0.04379538493426677,0.08195620855349668,0.08746140782763169,0.04046644034354902,0.02458421754754649,0.04355901467574041,0.3191037582900224,0.03518655030205583,0.015517035096644259,4
